name,description,category,value,type,state,max_attempts,flags,tags,type_data,hints
API-only XSS,"Perform a <i>persisted</i> XSS attack with <code>&lt;iframe src=""javascript:alert(`xss`)""&gt;</code> without using the frontend application at all. (Difficulty Level: 3)",XSS,450,standard,visible,0,f94113c07b6e82fa8ba90369088818711423838a,"Danger Zone,With Coding Challenge",,"[{""content"":""You need to work with the server-side API directly. Try different HTTP verbs on different entities exposed through the API."",""cost"":0},{""content"":""A matrix of known data entities and their supported HTTP verbs through the API can help you here."",""cost"":0},{""content"":""Careless developers might have exposed API methods that the client does not even need."",""cost"":0}]"
Access Log,"Gain access to any access log file of the server. (Difficulty Level: 4)",Sensitive Data Exposure,700,standard,visible,0,ba33e22ac92492931305ea3483a3a0c8210e9ddb,"With Coding Challenge",,"[{""content"":""Who would want a server access log to be accessible through a web application?"",""cost"":0},{""content"":""Normally٬ server log files are written to disk on server side and are not accessible from the outside."",""cost"":0},{""content"":""Which raises the question: Who would want a server access log to be accessible through a web application?"",""cost"":0},{""content"":""One particular file found in the folder you might already have found during the \""\""Access a confidential document\""\"" challenge might give you an idea who is interested in such a public exposure."",""cost"":0},{""content"":""Drilling down one level into the file system might not be sufficient."",""cost"":0}]"
Admin Registration,"Register as a user with administrator privileges. (Difficulty Level: 3)",Improper Input Validation,450,standard,visible,0,adf858a9828123061257cba29e3f34da87b23962,"With Coding Challenge",,"[{""content"":""You have to assign the unassignable."",""cost"":0},{""content"":""Register as an ordinary user to learn what API endpoints are involved in this use case."",""cost"":0},{""content"":""Think of the simplest possible implementations of a distinction between regular users and administrators."",""cost"":0}]"
Admin Section,"Access the administration section of the store. (Difficulty Level: 2)",Broken Access Control,250,standard,visible,0,71aeb3b0bf01cc6e488f0207bb62f79b41454a87,"Good for Demos,With Coding Challenge",,"[{""content"":""It is just slightly harder to find than the score board link."",""cost"":0},{""content"":""Knowing it exists٬ you can simply guess what URL the admin section might have."",""cost"":0},{""content"":""Alternatively٬ you can try to find a reference or clue within the parts of the application that are not usually visible in the browser."",""cost"":0},{""content"":""It is probably just slightly harder to find and gain access to than the score board link."",""cost"":0},{""content"":""There is some access control in place٬ but there are at least three ways to bypass it."",""cost"":0}]"
Arbitrary File Write,"Overwrite the <a href=""/ftp/legal.md"">Legal Information</a> file. (Difficulty Level: 6)",Vulnerable Components,1350,standard,visible,0,7aec1a1f170062a5dc7f9d3502de999df9ff29df,"Danger Zone,Prerequisite",,"[{""content"":""Look out for a tweet praising new functionality of the web shop. Then find a third party vulnerability associated with it."",""cost"":0},{""content"":""Find all places in the application where file uploads are possible."",""cost"":0},{""content"":""For at least one of these٬ the Juice Shop is depending on a library that suffers from an arbitrary file overwrite vulnerability."",""cost"":0},{""content"":""You can find a hint toward the underlying vulnerability in the @owasp_juiceshop Twitter timeline."",""cost"":0}]"
Bjoern's Favorite Pet,"Reset the password of Bjoern's OWASP account via the <a href=""/#/forgot-password"">Forgot Password</a> mechanism with <i>the original answer</i> to his security question. (Difficulty Level: 3)",Broken Authentication,450,standard,visible,0,f88dde9f00ed45debda603f5efb317933809dee3,"OSINT,With Coding Challenge",,"[{""content"":""Hints to the answer to Bjoern’s question can be found by looking him up on the Internet."",""cost"":0},{""content"":""More precisely٬ Bjoern might have accidentally (?) doxxed himself by mentioning his security answer on at least one occasion where a camera was running."",""cost"":0},{""content"":""Brute forcing the answer might be very well possible with a sufficiently extensive list of common pet names."",""cost"":0}]"
Blockchain Hype,"Learn about the Token Sale before its official announcement. (Difficulty Level: 5)",Security through Obscurity,1000,standard,visible,0,6f1a6427a4eb7cd7861eec9c75b4bd18ee5b9d9f,"Contraption,Code Analysis,Web3,With Coding Challenge",,"[{""content"":""The developers truly believe in \""\""Security through Obscurity\""\"" over actual access restrictions."",""cost"":0},{""content"":""Guessing or brute forcing the URL of the token sale page is very unlikely to succeed."",""cost"":0},{""content"":""You should closely investigate the place where all paths within the application are defined."",""cost"":0},{""content"":""Beating the employed obfuscation mechanism manually will take some time. Maybe there is an easier way to undo it?"",""cost"":0}]"
NFT Takeover,"Take over the wallet containing our official Soul Bound Token (NFT). (Difficulty Level: 2)",Sensitive Data Exposure,250,standard,visible,0,c481c6d12e5433274d02df151e125a857eb454ca,"Contraption,Good for Demos,Web3,With Coding Challenge",,"[{""content"":""Find the seed phrase posted accidentally."",""cost"":0}]"
Mint the Honey Pot,"Mint the Honey Pot NFT by gathering BEEs from the bee haven. (Difficulty Level: 3)",Improper Input Validation,450,standard,visible,0,dd2ec4fd1d816a5ecc02f97df471db41c7e0aff3,"Web3,Internet Traffic,With Coding Challenge",,"[{""content"":""Discover NFT wonders among the captivating visual memories."",""cost"":0}]"
Wallet Depletion,"Withdraw more ETH from the new wallet than you deposited. (Difficulty Level: 6)",Miscellaneous,1350,standard,visible,0,9417b406261ce961ff8df3565f0c762d92467ee7,"Web3,Internet Traffic,With Coding Challenge",,"[{""content"":""Try to exploit the contract of the wallet."",""cost"":0}]"
Web3 Sandbox,"Find an accidentally deployed code sandbox for writing smart contracts on the fly. (Difficulty Level: 1)",Broken Access Control,100,standard,visible,0,6e5badeeb63e5d3f6d2652db067187b5c0967cfa,"Web3,With Coding Challenge",,"[{""content"":""It is just as easy as finding the Score Board."",""cost"":0}]"
Blocked RCE DoS,"Perform a Remote Code Execution that would keep a less hardened application busy <em>forever</em>. (Difficulty Level: 5)",Insecure Deserialization,1000,standard,visible,0,f794e88774087c775e300beda3c0b4cd797c269b,"Danger Zone",,"[{""content"":""The feature you need to exploit for this challenge is not directly advertised anywhere."",""cost"":0},{""content"":""As the Juice Shop is written in pure Javascript٬ there is one data format that is most probably used for serialization."",""cost"":0},{""content"":""You should try to make the server busy for all eternity."",""cost"":0},{""content"":""The challenge will be solved if you manage to trigger the protection of the application against a very specific DoS attack vector."",""cost"":0},{""content"":""Similar to the \""\""Let the server sleep for some time\""\"" challenge (which accepted nothing but NoSQL Injection as a solution) this challenge will only accept proper RCE as a solution. It cannot be solved by simply hammering the server with requests. That would probably just kill your server instance."",""cost"":0}]"
CAPTCHA Bypass,"Submit 10 or more customer feedbacks within 20 seconds. (Difficulty Level: 3)",Broken Anti Automation,450,standard,visible,0,0444f13ce4a5580cf6a6219ea19e2c89b7cd1d1f,"Brute Force",,"[{""content"":""After finding a CAPTCHA bypass٬ write a script that automates feedback submission. Or open many browser tabs and be really quick."",""cost"":0},{""content"":""You could prepare 10 browser tabs٬ solving every CAPTCHA and filling out the each feedback form. Then you’d need to very quickly switch through the tabs and submit the forms in under 20 seconds total."",""cost"":0},{""content"":""Should the Juice Shop ever decide to change the challenge into \""\""Submit 100 or more customer feedbacks within 60 seconds\""\"" or worse٬ you’d probably have a hard time keeping up with any tab-switching approach."",""cost"":0},{""content"":""Investigate closely how the CAPTCHA mechanism works and try to find either a bypass or some automated way of solving it dynamically."",""cost"":0},{""content"":""Wrap this into a script (in whatever programming language you prefer) that repeats this 10 times."",""cost"":0}]"
Change Bender's Password,"Change Bender's password into <i>slurmCl4ssic</i> without using SQL Injection or Forgot Password. (Difficulty Level: 5)",Broken Authentication,1000,standard,visible,0,cec8dcc2d125c262c9434637ce7d4e834cf0a0d8,,,"[{""content"":""In previous releases this challenge was wrongly accused of being based on CSRF."",""cost"":0},{""content"":""It might also have been put into the Improper Input Validation category."",""cost"":0},{""content"":""Bender’s current password is so strong that brute force٬ rainbow table or guessing attacks will probably not work."",""cost"":0}]"
Christmas Special,"Order the Christmas special offer of 2014. (Difficulty Level: 4)",Injection,700,standard,visible,0,929646db81fdde9492b64f2d3c5fa0a3da182ad7,,,"[{""content"":""Find out how the application handles unavailable products and try to find a loophole."",""cost"":0},{""content"":""Find out how the application hides deleted products from its customers."",""cost"":0},{""content"":""Try to craft an attack string that makes deleted products visible again."",""cost"":0},{""content"":""You need to get the deleted product into your shopping cart and trigger the Checkout."",""cost"":0},{""content"":""Neither of the above can be achieved through the application frontend and it might even require (half-)Blind SQL Injection."",""cost"":0}]"
CSP Bypass,"Bypass the Content Security Policy and perform an XSS attack with <code>&lt;script&gt;alert(`xss`)&lt;/script&gt;</code> on a legacy page within the application. (Difficulty Level: 4)",XSS,700,standard,visible,0,64dec3daf0a02d4697c5fec917b8ad25862d4181,"Danger Zone",,"[{""content"":""What is even \""\""better\""\"" than a legacy page with a homegrown RegEx sanitizer? Having CSP injection issues on the exact same page as well!"",""cost"":0},{""content"":""Find a screen in the application that looks subtly odd and dated compared with all other screens."",""cost"":0},{""content"":""Before trying any XSS attacks٬ you should understand how the page is setting its Content Security Policy."",""cost"":0},{""content"":""For the subsequent XSS٬ make good use of the flaws in the homegrown sanitization based on a RegEx!"",""cost"":0}]"
Client-side XSS Protection,"Perform a <i>persisted</i> XSS attack with <code>&lt;iframe src=""javascript:alert(`xss`)""&gt;</code> bypassing a <i>client-side</i> security mechanism. (Difficulty Level: 3)",XSS,450,standard,visible,0,237fc9b7b8c04174abe71483de6eb53c04fe9e90,"Danger Zone",,"[{""content"":""There are only some input fields in the Juice Shop forms that validate their input."",""cost"":0},{""content"":""Even less of these fields are persisted in a way where their content is shown on another screen."",""cost"":0},{""content"":""Bypassing client-side security can typically be done by either disabling it on the client (i.e. in the browser by manipulating the DOM tree) or by ignoring it completely and interacting with the backend instead."",""cost"":0}]"
Confidential Document,"Access a confidential document. (Difficulty Level: 1)",Sensitive Data Exposure,100,standard,visible,0,8d2072c6b0a455608ca1a293dc0c9579883fc6a5,"Good for Demos,With Coding Challenge",,"[{""content"":""Analyze and tamper with links in the application that deliver a file directly."",""cost"":0},{""content"":""The file you are looking for is not protected in any way. Once you found it you can also access it."",""cost"":0}]"
DOM XSS,"Perform a <i>DOM</i> XSS attack with <code>&lt;iframe src=""javascript:alert(`xss`)""&gt;</code>. (Difficulty Level: 1)",XSS,100,standard,visible,0,4a31a4fe0954199566e360a873802bf64d0d0a84,"Tutorial,Good for Demos,With Coding Challenge",,"[{""content"":""Look for an input field where its content appears in the HTML when its form is submitted."",""cost"":0},{""content"":""This challenge is almost indistinguishable from \""\""Perform a reflected XSS attack\""\"" if you do not look \""\""under the hood\""\"" to find out what the application actually does with the user input."",""cost"":0}]"
Database Schema,"Exfiltrate the entire DB schema definition via SQL Injection. (Difficulty Level: 3)",Injection,450,standard,visible,0,1131456a55e84fbe58f6db03c9895921c1db5b3e,"With Coding Challenge",,"[{""content"":""Find out where this information could come from. Then craft an attack string against an endpoint that offers an unnecessary way to filter data."",""cost"":0},{""content"":""Find out which database system is in use and where it would usually store its schema definitions."",""cost"":0},{""content"":""Craft a UNION SELECT attack string to join the relevant data from any such identified system table into the original result."",""cost"":0},{""content"":""You might have to tackle some query syntax issues step-by-step٬ basically hopping from one error to the next."",""cost"":0},{""content"":""As with \""\""Order the Christmas special offer of 2014\""\"" this cannot be achieved through the application frontend."",""cost"":0}]"
Deprecated Interface,"Use a deprecated B2B interface that was not properly shut down. (Difficulty Level: 2)",Security Misconfiguration,250,standard,visible,0,5fd213c8fc772846b262c307eaaa901340a195bb,"Contraption,Prerequisite",,"[{""content"":""The developers who disabled the interface think they could go invisible by just closing their eyes."",""cost"":0},{""content"":""The old B2B interface was replaced with a more modern version recently."",""cost"":0},{""content"":""When deprecating the old interface٬ not all of its parts were cleanly removed from the code base."",""cost"":0},{""content"":""Simply using the deprecated interface suffices to solve this challenge. No attack or exploit is necessary."",""cost"":0}]"
Easter Egg,"Find the hidden <a href=""https://en.wikipedia.org/wiki/Easter_egg_(media)"" target=""_blank"">easter egg</a>. (Difficulty Level: 4)",Broken Access Control,700,standard,visible,0,87af1696e5207d68cd40df414a1805fbdc233024,"Shenanigans,Contraption,Good for Demos",,"[{""content"":""If you solved one of the four file access challenges٬ you already know where to find the easter egg."",""cost"":0},{""content"":""Simply reuse the trick that already worked for the files above."",""cost"":0}]"
Email Leak,"Perform an unwanted information disclosure by accessing data cross-domain. (Difficulty Level: 5)",Sensitive Data Exposure,1000,standard,visible,0,dc09eb2b8517008ab65730f7355443a7f4bc8326,,,"[{""content"":""Try to find and attack an endpoint that responds with user information. SQL Injection is not the solution here."",""cost"":0},{""content"":""What ways are there to access data from a web application cross-domain?"",""cost"":0},{""content"":""This challenge uses an old way which is no longer recommended."",""cost"":0}]"
Empty User Registration,"Register a user with an empty email and password. (Difficulty Level: 2)",Improper Input Validation,250,standard,visible,0,e58f8a9612c60985360e904b027535262c52f9dc,,,"[{""content"":""Consider intercepting and playing with the request payload."",""cost"":0}]"
Ephemeral Accountant,"Log in with the (non-existing) accountant <i>acc0unt4nt@juice-sh.op</i> without ever registering that user. (Difficulty Level: 4)",Injection,700,standard,visible,0,9b65e390a97a9a39d0d597ab89a77179b0a7cac4,,,"[{""content"":""Try to create the needed user \""\""out of thin air\""\""."",""cost"":0},{""content"":""The user literally needs to be ephemeral as in \""\""lasting for only a short time\""\""."",""cost"":0},{""content"":""Registering normally with the user’s email address will then obviously not solve this challenge. The Juice Shop will not even let you register as acc0unt4nt@juice-sh.op٬ as this would make the challenge unsolvable for you."",""cost"":0},{""content"":""Getting the user into the database some other way will also fail to solve this challenge. In case you somehow managed to do so٬ you need to restart the Juice Shop application in order to wipe the database and make the challenge solvable again."",""cost"":0},{""content"":""The fact that this challenge is in the Injection category should already give away the intended approach."",""cost"":0}]"
Error Handling,"Provoke an error that is neither very gracefully nor consistently handled. (Difficulty Level: 1)",Security Misconfiguration,100,standard,visible,0,9c297196ecf8890bc1e900fcf3aebae8c9f9880a,"Prerequisite",,"[{""content"":""Try to submit bad input to forms. Alternatively tamper with URL paths or parameters."",""cost"":0},{""content"":""This challenge actually triggers from various possible error conditions."",""cost"":0},{""content"":""You can try to submit bad input to forms to provoke an improper error handling."",""cost"":0},{""content"":""Tampering with URL paths or parameters might also trigger an unforeseen error."",""cost"":0}]"
Expired Coupon,"Successfully redeem an expired campaign coupon code. (Difficulty Level: 4)",Improper Input Validation,700,standard,visible,0,12703f16a02e150ef92de329ce57539e53c6aac7,,,"[{""content"":""Try to identify past special event or holiday campaigns of the shop first."",""cost"":0},{""content"":""Look for clues about the past campaign or holiday event somewhere in the application."",""cost"":0},{""content"":""Solving this challenge does not require actual time traveling."",""cost"":0}]"
Extra Language,"First you should find out how the languages are technically changed in the user interface. (Difficulty Level: 5)",Broken Anti Automation,1000,standard,visible,0,9bb1be0fc245910b356fdac4e78e315d58d810af,"Brute Force",,"[{""content"":""First you should find out how the languages are technically changed in the user interface."",""cost"":0},{""content"":""Guessing will most definitely not work in this challenge."",""cost"":0},{""content"":""Brute force is not the only option for this challenge٬ but a perfectly viable one."",""cost"":0},{""content"":""Investigate online what languages are actually available."",""cost"":0}]"
Five-Star Feedback,"Get rid of all 5-star customer feedback. (Difficulty Level: 2)",Broken Access Control,250,standard,visible,0,78231b75c0b2180b7e964dcbb1ab3c3f58639f2e,,,"[{""content"":""Once you found admin section of the application٬ this challenge is almost trivial."",""cost"":0},{""content"":""Nothing happens when you try to delete feedback entries? Check the JavaScript console for errors!"",""cost"":0}]"
Forged Coupon,"Forge a coupon code that gives you a discount of at least 80%. (Difficulty Level: 6)",Cryptographic Issues,1350,standard,visible,0,10e04eb4104bd61f5fafc77c844d4d70b3f33f08,"Good for Demos,Code Analysis",,"[{""content"":""Try either a) a knowledgeable brute force attack or b) reverse engineering or c) some research in the cloud."",""cost"":0},{""content"":""One viable solution would be to reverse-engineer how coupon codes are generated and craft your own 80% coupon by using the same (or at least similar) implementation."",""cost"":0},{""content"":""Another possible solution might be harvesting as many previous coupon as possible and look for patterns that might give you a leverage for a brute force attack."",""cost"":0},{""content"":""If all else fails٬ you could still try to blindly brute force the coupon code field before checkout."",""cost"":0}]"
Forged Feedback,"Post some feedback in another user's name. (Difficulty Level: 3)",Broken Access Control,450,standard,visible,0,b3245d86c5b5a6e10a1319aebced515c1763b754,"Tutorial",,"[{""content"":""You can solve this by tampering with the user interface or by intercepting the communication with the RESTful backend."",""cost"":0},{""content"":""To find the client-side leverage point٬ closely analyze the HTML form used for feedback submission."",""cost"":0},{""content"":""The backend-side leverage point is similar to some of the XSS challenges found in OWASP Juice Shop."",""cost"":0}]"
Forged Review,"Post a product review as another user or edit any user's existing review. (Difficulty Level: 3)",Broken Access Control,450,standard,visible,0,2d542917ab9cd27314b53b9c85f956af461a550d,"With Coding Challenge",,"[{""content"":""Observe the flow of product review posting and editing and see if you can exploit it."",""cost"":0},{""content"":""This challenge can be solved by using developers tool of your browser or with tools like postman."",""cost"":0},{""content"":""Analyze the form used for review submission and try to find a leverage point."",""cost"":0},{""content"":""This challenge is pretty similar to \""\""Post some feedback in another user’s name\""\"" challenge."",""cost"":0}]"
Forged Signed JWT,"Forge an almost properly RSA-signed JWT token that impersonates the (non-existing) user <i>rsa_lord@juice-sh.op</i>. <em>(This challenge is <strong>potentially harmful</strong> on Windows!)</em> (Difficulty Level: 6)",Vulnerable Components,1350,standard,visible,0,b333748beae429d9459da79ef6b1c4ba492f69e9,,,"[{""content"":""This challenge is explicitly not about acquiring the RSA private key used for JWT signing."",""cost"":0},{""content"":""The three generic hints from Forge an essentially unsigned JWT token also help with this challenge."",""cost"":0},{""content"":""Instead of enforcing no encryption to be applied٬ try to apply a more sophisticated exploit against the JWT libraries used in the Juice Shop."",""cost"":0},{""content"":""Getting your hands on the public RSA key the application employs for its JWTs is mandatory for this challenge."",""cost"":0},{""content"":""Finding the corresponding private key should actually be impossible٬ but that obviously doesn’t make this challenge unsolvable."",""cost"":0},{""content"":""Make sure your JWT is URL safe!"",""cost"":0}]"
Forgotten Developer Backup,"Access a developer's forgotten backup file. (Difficulty Level: 4)",Sensitive Data Exposure,700,standard,visible,0,dad737329153068527159005db4eb139e86e76ba,"Contraption,Good for Demos,Prerequisite",,"[{""content"":""You need to trick a security mechanism into thinking that the file you want has a valid file type."",""cost"":0},{""content"":""Analyze and tamper with links in the application that deliver a file directly."",""cost"":0},{""content"":""The file is not directly accessible because a security mechanism prevents access to it."",""cost"":0},{""content"":""You need to trick the security mechanism into thinking that the file has a valid file type."",""cost"":0},{""content"":""For this challenge there is only one approach to pull this trick."",""cost"":0}]"
Forgotten Sales Backup,"Access a salesman's forgotten backup file. (Difficulty Level: 4)",Sensitive Data Exposure,700,standard,visible,0,9854fa972c745fa0e8a55f0687528b1f483856b1,"Contraption",,"[{""content"":""You need to trick a security mechanism into thinking that the file you want has a valid file type."",""cost"":0},{""content"":""Analyze and tamper with links in the application that deliver a file directly."",""cost"":0},{""content"":""The file is not directly accessible because a security mechanism prevents access to it."",""cost"":0},{""content"":""You need to trick the security mechanism into thinking that the file has a valid file type."",""cost"":0}]"
Frontend Typosquatting,"<a href=""/#/contact"">Inform the shop</a> about a <i>typosquatting</i> imposter that dug itself deep into the frontend. (Mention the exact name of the culprit) (Difficulty Level: 5)",Vulnerable Components,1000,standard,visible,0,5d88f4080ce3baa81f32621d3a3440c8c718a302,,,"[{""content"":""This challenge has nothing to do with mistyping web domains. There is no conveniently misplaced file helping you with this one either. Or is there?"",""cost"":0},{""content"":""This challenge has nothing to do with URLs or domains."",""cost"":0},{""content"":""Other than for its legacy companion٬ combing through the package.json.bak does not help for this challenge."",""cost"":0}]"
GDPR Data Erasure,"Log in with Chris' erased user account. (Difficulty Level: 3)",Broken Authentication,450,standard,visible,0,22ed55ea33b596ba50c67235264769e28d5272b3,,,"[{""content"":""Turns out that something is technically and legally wrong with the implementation of the \""\""right to be forgotten\""\"" for users."",""cost"":0},{""content"":""Trying out the Request Data Erasure functionality might be interesting٬ but cannot help you solve this challenge in real time."",""cost"":0},{""content"":""If you have solved the challenge Retrieve a list of all user credentials via SQL Injection you might have already retrieved some information about how the Juice Shop \""\""deletes\""\"" users upon their request."",""cost"":0},{""content"":""What the Juice Shop does here is totally incompliant with GDPR. Luckily a 4% fine on a gross income of 0$ is still 0$."",""cost"":0}]"
GDPR Data Theft,"Steal someone else's personal data without using Injection. (Difficulty Level: 4)",Sensitive Data Exposure,700,standard,visible,0,4e606bcbc4a3ddb154a1e296cba3dca34889a5be,,,"[{""content"":""Trick the regular Data Export to give you more than actually belongs to you."",""cost"":0},{""content"":""You should not try to steal data from a \""\""vanilla\""\"" user who never even ordered something at the shop."",""cost"":0},{""content"":""As everything about this data export functionality happens on the server-side٬ it won’t be possible to just tamper with some HTTP requests to solve this challenge."",""cost"":0},{""content"":""Inspecting various server responses which contain user-specific data might give you a clue about the mistake the developers made."",""cost"":0}]"
HTTP-Header XSS,"Perform a <i>persisted</i> XSS attack with <code>&lt;iframe src=""javascript:alert(`xss`)""&gt;</code> through an HTTP header. (Difficulty Level: 4)",XSS,700,standard,visible,0,c37da14686b69a220fd9febd09bb9593e7d0539f,"Danger Zone",,"[{""content"":""Finding a piece of displayed information that could originate from an HTTP header is part of this challenge."",""cost"":0},{""content"":""You might have to look into less common or even proprietary HTTP headers to find the leverage point."",""cost"":0},{""content"":""Adding insult to injury٬ the HTTP header you need will never be sent by the application on its own."",""cost"":0}]"
Imaginary Challenge,"Solve challenge #999. Unfortunately, this challenge does not exist. (Difficulty Level: 6)",Cryptographic Issues,1350,standard,visible,0,3eb1eb054dc55a13772007ac980ca5bf310ee773,"Shenanigans,Code Analysis",,"[{""content"":""You need to trick the hacking progress persistence feature into thinking you solved challenge #999."",""cost"":0},{""content"":""Find out how saving and restoring progress is done behind the scenes."",""cost"":0},{""content"":""Deduce from all available information (e.g. the package.json.bak) how the application encrypts and decrypts your hacking progress."",""cost"":0},{""content"":""Other than the user’s passwords٬ the hacking progress involves an additional secret during its encryption."",""cost"":0},{""content"":""What would be a really stupid mistake a developer might make when choosing such a secret?"",""cost"":0}]"
Leaked Access Logs,"Dumpster dive the Internet for a leaked password and log in to the original user account it belongs to. (Creating a new account with the same password does not qualify as a solution.) (Difficulty Level: 5)",Sensitive Data Exposure,1000,standard,visible,0,0d81e34249c9ae82ba80693a26b4e2bdb1f764f0,"OSINT",,"[{""content"":""As the challenge name implies٬ your task is to find some leaked access logs which happen to have a fairly common format."",""cost"":0},{""content"":""A very popular help platform for developers might contain breadcrumbs towards solving this challenge."",""cost"":0},{""content"":""The actual log file was copied & paste onto a platform often used to share data quickly with externals or even just internal peers."",""cost"":0},{""content"":""Once you found and harvested the important piece of information from the log٬ you could employ a technique called Password Spraying to solve this challenge."",""cost"":0}]"
Leaked Unsafe Product,"Identify an unsafe product that was removed from the shop and <a href=""/#/contact"">inform the shop</a> which ingredients are dangerous. (Difficulty Level: 4)",Sensitive Data Exposure,700,standard,visible,0,19ebb3402eb75df18d076bd6a15ed1521d36e306,"Shenanigans,OSINT",,"[{""content"":""Your own SQLi and someone else's Ctrl-V will be your accomplices in this challenge!"",""cost"":0},{""content"":""You must first identify the \""\""unsafe product\""\"" which ist not available any more in the shop."",""cost"":0},{""content"":""Solving the \""\""Order the Christmas special offer of 2014\""\"" challenge might give it to you as by-catch."",""cost"":0},{""content"":""The actual data you need to solve this challenge was leaked on the same platform that was involved in the \""\""Dumpster dive the Internet for a leaked password and log in to the original user account it belongs to\""\"" challenge."",""cost"":0},{""content"":""Google is a particularly good accomplice in this challenge."",""cost"":0}]"
Legacy Typosquatting,"<a href=""/#/contact"">Inform the shop</a> about a <i>typosquatting</i> trick it has been a victim of at least in <code>v6.2.0-SNAPSHOT</code>. (Mention the exact name of the culprit) (Difficulty Level: 4)",Vulnerable Components,700,standard,visible,0,b01a1ae56491c0c3d6b8d6e0264d099bda573758,,,"[{""content"":""This challenge has nothing to do with mistyping web domains. Investigate the forgotten developer's backup file instead."",""cost"":0},{""content"":""Investigating the forgotten developer’s backup file might bring some insight."",""cost"":0},{""content"":""\""\""Malicious packages in npm\""\"" is a worthwhile read on Ivan Akulov’s blog."",""cost"":0}]"
Login Admin,"Log in with the administrator's user account. (Difficulty Level: 2)",Injection,250,standard,visible,0,690fa3247a99d651e0b26f947baf0b79b4f404a9,"Tutorial,Good for Demos,With Coding Challenge",,"[{""content"":""The challenge description probably gave away what form you should attack."",""cost"":0},{""content"":""If you happen to know the email address of the admin already٬ you can launch a targeted attack."",""cost"":0},{""content"":""You might be lucky with a dedicated attack pattern even if you have no clue about the admin email address."",""cost"":0},{""content"":""If you harvested the admin’s password hash٬ you can of course try to attack that instead of using SQL Injection."",""cost"":0},{""content"":""Alternatively you can solve this challenge as a combo with the Log in with the administrator’s user credentials without previously changing them or applying SQL Injection challenge."",""cost"":0}]"
Login Amy,"Log in with Amy's original user credentials. (This could take 93.83 billion trillion trillion centuries to brute force, but luckily she did not read the ""One Important Final Note"") (Difficulty Level: 3)",Sensitive Data Exposure,450,standard,visible,0,5444962659bf8d72f6322530b18d6b9123fbaeec,"OSINT",,"[{""content"":""This challenge will make you go after a needle in a haystack."",""cost"":0},{""content"":""As with so many other characters from Futurama this challenge is of course about logging in as Amy from that show."",""cost"":0},{""content"":""Did you know that Amy is married to an alien named Kif?"",""cost"":0},{""content"":""The challenge description contains a few sentences which give away some information how Amy decided to strengthen her password."",""cost"":0},{""content"":""Obviously٬ Amy - being a little dimwitted - did not put nearly enough effort and creativity into the password selection process."",""cost"":0}]"
Login Bender,"Log in with Bender's user account. (Difficulty Level: 3)",Injection,450,standard,visible,0,5ff5052e879e6fef64124e64c82c84ebc809c6c4,"Tutorial,With Coding Challenge",,"[{""content"":""The challenge description probably gave away what form you should attack."",""cost"":0},{""content"":""You need to know (or smart-guess) Bender’s email address so you can launch a targeted attack."",""cost"":0},{""content"":""Bender's password hash might not help you very much."",""cost"":0},{""content"":""In case you try some other approach than SQL Injection٬ you will notice that Bender’s password hash is not very useful."",""cost"":0}]"
Login Bjoern,"Log in with Bjoern's Gmail account <i>without</i> previously changing his password, applying SQL Injection, or hacking his Google account. (Difficulty Level: 4)",Broken Authentication,700,standard,visible,0,5fb1dbd45670d209e1c48ed59222c2bca732d354,"Code Analysis",,"[{""content"":""The security flaw behind this challenge is 100% OWASP Juice Shop's fault and 0% Google's."",""cost"":0},{""content"":""One way to light up this challenge in green on the score board٬ is to be Bjoern Kimminich. In that case٬ just log in with your Google account to automatically solve this challenge! Congratulations!"",""cost"":0},{""content"":""Most likely you are not Bjoern Kimminich٬ so instead you might want to take detailed look into how the OAuth login with Google is implemented."",""cost"":0},{""content"":""It could bring you some insight to register with your own Google account and analyze closely what happens behind the scenes."",""cost"":0}]"
Login Jim,"Log in with Jim's user account. (Difficulty Level: 3)",Injection,450,standard,visible,0,de0806c1e34a5783b4b1672fa4eed440a9912378,"Tutorial,With Coding Challenge",,"[{""content"":""The challenge description probably gave away what form you should attack."",""cost"":0},{""content"":""You need to know (or smart-guess) Jim’s email address so you can launch a targeted attack."",""cost"":0},{""content"":""If you harvested Jim’s password hash٬ you can try to attack that instead of using SQL Injection."",""cost"":0}]"
Login MC SafeSearch,"Log in with MC SafeSearch's original user credentials without applying SQL Injection or any other bypass. (Difficulty Level: 2)",Sensitive Data Exposure,250,standard,visible,0,bb105418e73708ceccf1a7b2491f434b8f5230e4,"Shenanigans,OSINT",,"[{""content"":""MC SafeSearch is a rapper who produced the song \""\""Protect Ya' Passwordz\""\"" which explains password & sensitive data protection very nicely."",""cost"":0},{""content"":""After watching the music video of this song٬ you should agree that even ⭐⭐ is a slightly exaggerated difficulty rating for this challenge."",""cost"":0}]"
Login Support Team,"Log in with the support team's original user credentials without applying SQL Injection or any other bypass. (Difficulty Level: 6)",Security Misconfiguration,1350,standard,visible,0,86c8986dff834112ed790d7d53dadb46e9dca210,"Brute Force,Code Analysis",,"[{""content"":""The underlying flaw of this challenge is a lot more human error than technical weakness."",""cost"":0},{""content"":""The support team is located in a low-cost country and the team structure fluctuates a lot due to people leaving for jobs with even just slightly better wages."",""cost"":0},{""content"":""To prevent abuse the password for the support team account itself is actually very strong."",""cost"":0},{""content"":""To allow easy access during an incident٬ the support team utilizes a 3rd party tool which every support engineer can access to get the current account password from."",""cost"":0},{""content"":""While it is also possible to use SQL Injection to log in as the support team٬ this will not solve the challenge."",""cost"":0}]"
Manipulate Basket,"Put an additional product into another user's shopping basket. (Difficulty Level: 3)",Broken Access Control,450,standard,visible,0,8f4e92556e5cafa24316d3fbb482384f66a0619d,,,"[{""content"":""Have an eye on the HTTP traffic while placing products in the shopping basket."",""cost"":0},{""content"":""Adding more instances of the same product to someone else’s basket does not qualify as a solution. The same goes for stealing from someone else’s basket."",""cost"":0},{""content"":""This challenge requires a bit more sophisticated tampering than others of the same ilk."",""cost"":0}]"
Misplaced Signature File,"Access a misplaced <a href=""https://github.com/Neo23x0/sigma"">SIEM signature</a> file. (Difficulty Level: 4)",Sensitive Data Exposure,700,standard,visible,0,b9263160f81d18dc69161db7ffb8a2d622bf1755,"Good Practice,Contraption",,"[{""content"":""You need to trick a security mechanism into thinking that the file you want has a valid file type."",""cost"":0},{""content"":""If you solved one of the other four file access challenges٬ you already know where the SIEM signature file is located."",""cost"":0},{""content"":""Simply reuse the trick that already worked for the files above."",""cost"":0}]"
Multiple Likes,"Like any review at least three times as the same user. (Difficulty Level: 6)",Broken Anti Automation,1350,standard,visible,0,ec7840f71a70dac3908a7ab0f8c5b58eb986e892,,,"[{""content"":""Punctuality is the politeness of kings."",""cost"":0},{""content"":""Every user is (almost) immediately associated with the review they \""\""liked\""\"" to prevent abuse of that functionality."",""cost"":0},{""content"":""Did you really think clicking the \""\""like\""\"" button three times in a row really fast would be enough to solve a ⭐⭐⭐⭐⭐⭐ challenge?"",""cost"":0},{""content"":""The underlying flaw of this challenge is a Race Condition."",""cost"":0}]"
Nested Easter Egg,"Apply some advanced cryptanalysis to find <i>the real</i> easter egg. (Difficulty Level: 4)",Cryptographic Issues,700,standard,visible,0,9237a0d67e49ba39ab0d85d4caecb5808806f4bb,"Shenanigans,Good for Demos",,"[{""content"":""You might have to peel through several layers of tough-as-nails encryption for this challenge."",""cost"":0},{""content"":""Make sure you solve Find the hidden easter egg first."",""cost"":0},{""content"":""You might have to peel through several layers of tough-as-nails encryption for this challenge."",""cost"":0}]"
NoSQL DoS,"Let the server sleep for some time. (It has done more than enough hard work for you) (Difficulty Level: 4)",Injection,700,standard,visible,0,6322a4a6cad7b7ab96fa868a706aaa11932b918e,"Danger Zone",,"[{""content"":""This challenge is essentially a stripped-down Denial of Service (DoS) attack."",""cost"":0},{""content"":""As stated in the Architecture overview٬ OWASP Juice Shop uses a MongoDB derivate as its NoSQL database."",""cost"":0},{""content"":""The categorization into the NoSQL Injection category totally gives away the expected attack vector for this challenge. Trying any others will not solve the challenge٬ even if they might yield the same result."",""cost"":0},{""content"":""In particular٬ flooding the application with requests will not solve this challenge. That would probably just kill your server instance."",""cost"":0}]"
NoSQL Exfiltration,"All your orders are belong to us! Even the ones which don't. (Difficulty Level: 5)",Injection,1000,standard,visible,0,e606cff6a6a895ea073e4aeb71a42eebf63a25d1,"Danger Zone",,"[{""content"":""Take a close look on how the $where query operator works in MongoDB."",""cost"":0},{""content"":""This challenge requires a classic Injection attack."",""cost"":0},{""content"":""Find an API endpoint with the intent of delivering a single order to the user and work with that."",""cost"":0},{""content"":""Reading up on how MongoDB queries work is really helpful here."",""cost"":0}]"
NoSQL Manipulation,"Update multiple product reviews at the same time. (Difficulty Level: 4)",Injection,700,standard,visible,0,8388280c9e656fe7aa45e8920e36c5bfcbfa3519,"With Coding Challenge",,"[{""content"":""Take a close look on how the equivalent of UPDATE-statements in MongoDB work."",""cost"":0},{""content"":""This challenge requires another classic Injection attack."",""cost"":0},{""content"":""It is also worth looking into how Query Operators work in MongoDB."",""cost"":0}]"
Outdated Allowlist,"Let us redirect you to one of our crypto currency addresses which are not promoted any longer. (Difficulty Level: 1)",Unvalidated Redirects,100,standard,visible,0,1ad816c82e078df250e618cba7893093115f4521,"Code Analysis,With Coding Challenge",,"[{""content"":""When removing references to those addresses from the code the developers have been a bit sloppy."",""cost"":0},{""content"":""More particular٬ they have been sloppy in a way that even the Angular Compiler was not able to clean up after them automatically."",""cost"":0},{""content"":""It is of course not sufficient to just visit any of the crypto currency links directly to solve the challenge."",""cost"":0}]"
Password Strength,"Log in with the administrator's user credentials without previously changing them or applying SQL Injection. (Difficulty Level: 2)",Broken Authentication,250,standard,visible,0,ff4aebffe31b0ffdea9bdd0207a16a3c01ac6c56,"Brute Force,Tutorial,With Coding Challenge",,"[{""content"":""This challenge can be solved with three different approaches."",""cost"":0},{""content"":""Guessing might work just fine."",""cost"":0},{""content"":""If you harvested the admin’s password hash٬ you can try to attack that."",""cost"":0},{""content"":""In case you use some hacker tool٬ you can also go for a brute force attack using a generic password list."",""cost"":0}]"
Payback Time,"Place an order that makes you rich. (Difficulty Level: 3)",Improper Input Validation,450,standard,visible,0,bccfc69b31482f1eaa399e6ded3cce938b9fc219,,,"[{""content"":""You literally need to make the shop owe you any amount of money."",""cost"":0},{""content"":""Investigate the shopping basket closely to understand how it prevents you from creating orders that would fulfil the challenge."",""cost"":0}]"
Premium Paywall,"<i class=""far fa-gem""></i><i class=""far fa-gem""></i><i class=""far fa-gem""></i><i class=""far fa-gem""></i><i class=""far fa-gem""></i><!--IvLuRfBJYlmStf9XfL6ckJFngyd9LfV1JaaN/KRTPQPidTuJ7FR+D/nkWJUF+0xUF07CeCeqYfxq+OJVVa0gNbqgYkUNvn//UbE7e95C+6e+7GtdpqJ8mqm4WcPvUGIUxmGLTTAC2+G9UuFCD1DUjg==--> <a href=""https://blockchain.info/address/1AbKfgvw9psQ41NbLi8kufDQTezwG8DRZm"" target=""_blank""><i class=""fab fa-btc fa-sm""></i> Unlock Premium Challenge</a> to access exclusive content. (Difficulty Level: 6)",Cryptographic Issues,1350,standard,visible,0,41db0b8dbceb01d9737fceb888a1f24ddd8f1dff,"Shenanigans",,"[{""content"":""You do not have to pay anything to unlock this challenge! Nonetheless٬ donations are very much appreciated."",""cost"":0},{""content"":""There is no inappropriate٬ self-written or misconfigured cryptographic library to be exploited here."",""cost"":0},{""content"":""How much protection does a sturdy top-quality door lock add to your house if you put the key under the door mat? Or hide the key in the nearby plant pot? Or tape the key to the underside of the mailbox?"",""cost"":0},{""content"":""Once more: You do not have to pay anything to unlock this challenge!"",""cost"":0}]"
Privacy Policy,"Read our privacy policy. (Difficulty Level: 1)",Miscellaneous,100,standard,visible,0,13083493dec15380f7319596e5e2bc67437ce5c4,"Good Practice,Tutorial,Good for Demos",,"[{""content"":""We won't even ask you to confirm that you did. Just read it. Please. Pretty please."",""cost"":0},{""content"":""When you work with the application you will most likely solve this challenge in the process."",""cost"":0},{""content"":""Any automated crawling or spidering tool you use might solve this challenge for you."",""cost"":0},{""content"":""There is no real hacking involved here."",""cost"":0}]"
Privacy Policy Inspection,"Prove that you actually read our privacy policy. (Difficulty Level: 3)",Security through Obscurity,450,standard,visible,0,2c4ad2aa82f89b4aefcb6d305d329005b5ebbe61,"Shenanigans,Good for Demos",,"[{""content"":""Only by visiting a special URL you can confirm that you read it carefully."",""cost"":0},{""content"":""First you should obviously solve the \""\""Read our privacy policy\""\"" challenge."",""cost"":0},{""content"":""It is fine to use the mouse cursor to not lose sight of the paragraph you are currently reading."",""cost"":0},{""content"":""If you find some particularly hot sections in the policy you might want to melt them together similar to what you might have already uncovered in Apply some advanced cryptanalysis to find the real easter egg."",""cost"":0}]"
Product Tampering,"Change the <code>href</code> of the link within the <a href=""/#/search?q=OWASP SSL Advanced Forensic Tool (O-Saft)"">OWASP SSL Advanced Forensic Tool (O-Saft)</a> product description into <i>https://owasp.slack.com</i>. (Difficulty Level: 3)",Broken Access Control,450,standard,visible,0,7513f97578391e85282583fd084bc3a649f1d25f,"With Coding Challenge",,"[{""content"":""Theoretically there are three possible ways to beat this challenge: a) broken admin functionality٬ b) holes in RESTful API or c) possibility for SQL Injection."",""cost"":0},{""content"":""In practice two of these three ways should turn out to be dead ends."",""cost"":0}]"
Reflected XSS,"Perform a <i>reflected</i> XSS attack with <code>&lt;iframe src=""javascript:alert(`xss`)""&gt;</code>. (Difficulty Level: 2)",XSS,250,standard,visible,0,305021787d3e9cd9cebc057a021c2504550bb3b6,"Tutorial,Danger Zone,Good for Demos",,"[{""content"":""Look for a url parameter where its value appears in the page it is leading to."",""cost"":0},{""content"":""Try probing for XSS vulnerabilities by submitting text wrapped in an HTML tag which is easy to spot on screen٬ e.g. <h1> or <strike>."",""cost"":0}]"
Repetitive Registration,"Follow the DRY principle while registering a user. (Difficulty Level: 1)",Improper Input Validation,100,standard,visible,0,38327ed39639fb9ced76c9800f991bd8206ee144,,,"[{""content"":""You can solve this by cleverly interacting with the UI or bypassing it altogether."",""cost"":0},{""content"":""The obvious repetition in the User Registration form is the Repeat Password field."",""cost"":0},{""content"":""Try to register with either an empty or different value in Repeat Password."",""cost"":0},{""content"":""You can solve this challenge by cleverly interacting with the UI or bypassing it altogether."",""cost"":0}]"
Reset Bender's Password,"Reset Bender's password via the <a href=""/#/forgot-password"">Forgot Password</a> mechanism with <i>the original answer</i> to his security question. (Difficulty Level: 4)",Broken Authentication,700,standard,visible,0,a3ed0a02985a524747be405af69600b167ecae9a,"OSINT,With Coding Challenge",,"[{""content"":""If you have no idea who Bender is٬ please put down this book right now and watch the first episodes of Futurama before you come back."",""cost"":0},{""content"":""Unexpectedly٬ Bender also chose to answer his chosen question truthfully."",""cost"":0},{""content"":""Hints to the answer to Bender’s question can be found in publicly available information on the Internet."",""cost"":0},{""content"":""If a seemingly correct answer is not accepted٬ you might just need to try some alternative spelling."",""cost"":0},{""content"":""Brute forcing the answer should be next to impossible."",""cost"":0}]"
Reset Bjoern's Password,"Reset the password of Bjoern's internal account via the <a href=""/#/forgot-password"">Forgot Password</a> mechanism with <i>the original answer</i> to his security question. (Difficulty Level: 5)",Broken Authentication,1000,standard,visible,0,dbaa733d61cf894a36235f884227b3a0b6150233,"OSINT,With Coding Challenge",,"[{""content"":""Nothing a little bit of Facebook stalking couldn't reveal. Might involve a historical twist."",""cost"":0},{""content"":""Other than with his OWASP account٬ Bjoern was a bit less careless with his choice of security and answer to his internal account."",""cost"":0},{""content"":""Bjoern chose to answer his chosen question truthfully but tried to make it harder for attackers by applying sort of a historical twist."",""cost"":0},{""content"":""Again٬ hints to the answer to Bjoern’s question can be found by looking him up on the Internet."",""cost"":0},{""content"":""Brute forcing the answer should be next to impossible."",""cost"":0}]"
Reset Jim's Password,"Reset Jim's password via the <a href=""/#/forgot-password"">Forgot Password</a> mechanism with <i>the original answer</i> to his security question. (Difficulty Level: 3)",Broken Authentication,450,standard,visible,0,3c3e2d6ef99b733b947e92f8e2a9ed08bf57ea63,"OSINT,With Coding Challenge",,"[{""content"":""The hardest part of this challenge is actually to find out who Jim actually is."",""cost"":0},{""content"":""Jim picked one of the worst security questions and chose to answer it truthfully."",""cost"":0},{""content"":""As Jim is a celebrity٬ the answer to his question is quite easy to find in publicly available information on the internet."",""cost"":0},{""content"":""Even brute forcing the answer should be possible with the right kind of word list."",""cost"":0}]"
Reset Morty's Password,"Reset Morty's password via the <a href=""/#/forgot-password"">Forgot Password</a> mechanism with <i>his obfuscated answer</i> to his security question. (Difficulty Level: 5)",Broken Anti Automation,1000,standard,visible,0,c25ad846aad83cff51ef49167f6f54b467e731de,"OSINT,Brute Force,With Coding Challenge",,"[{""content"":""Finding out who Morty actually is٬ will help to reduce the solution space."",""cost"":0},{""content"":""You can assume that Morty answered his security question truthfully but employed some obfuscation to make it more secure."",""cost"":0},{""content"":""Morty’s answer is less than 10 characters long and does not include any special characters."",""cost"":0},{""content"":""Unfortunately٬ Forgot your password? is protected by a rate limiting mechanism that prevents brute forcing. You need to beat this somehow."",""cost"":0}]"
Retrieve Blueprint,"Deprive the shop of earnings by downloading the blueprint for one of its products. (Difficulty Level: 5)",Sensitive Data Exposure,1000,standard,visible,0,5ec16347194b662a773887b63845315e8a3c7237,,,"[{""content"":""Check for products which seem like a natural fit for being based on a blueprint."",""cost"":0},{""content"":""You might want to pay attention to the images of the identified product candidates."",""cost"":0},{""content"":""For your inconvenience the blueprint was not misplaced into the same place like so many others forgotten files covered in this chapter."",""cost"":0}]"
SSRF,"Request a hidden resource on server through server. (Difficulty Level: 6)",Broken Access Control,1350,standard,visible,0,cd689fc32a8e1288a9b762aebacd9756f8c78ab5,"Code Analysis",,"[{""content"":""Reverse engineering something bad can make good things happen."",""cost"":0},{""content"":""Using whatever you find inside the malware directly will not do you any good."",""cost"":0},{""content"":""For this to count as an SSRF attack you need to make the Juice Shop server attack itself."",""cost"":0},{""content"":""Do not try to find the source code for the malware on GitHub. Take it apart with classic reverse-engineering techniques instead."",""cost"":0}]"
SSTi,"Infect the server with juicy malware by abusing arbitrary command execution. (Difficulty Level: 6)",Injection,1350,standard,visible,0,4a08ddbd93e970fd7cdca4f2fc940f6fc35dc7d8,"Contraption,Danger Zone,Code Analysis",,"[{""content"":""\""\""SSTi\""\"" is a clear indicator that this has nothing to do with anything Angular. Also٬ make sure to use only our non-malicious malware."",""cost"":0},{""content"":""You can find the juicy malware via a very obvious Google search or by stumbling into a very ill-placed quarantine folder with the necessary URLs in it."",""cost"":0},{""content"":""Making the server download and execute the malware is key to solving this challenge."",""cost"":0},{""content"":""For this challenge you do not have to reverse engineer the malware in any way. That will be required later to solve the \""\""Request a hidden resource on server through server\""\"" challenge."",""cost"":0}]"
Score Board,"Find the carefully hidden 'Score Board' page. (Difficulty Level: 1)",Miscellaneous,100,standard,visible,0,2614339936e8282e2f820f023d4d998a1f95e02a,"Tutorial,Code Analysis,With Coding Challenge",,
Security Policy,"Behave like any ""white-hat"" should before getting into the action. (Difficulty Level: 2)",Miscellaneous,250,standard,visible,0,980d88a684fbf348f5812fc06fbfab2d8f66c76d,"Good Practice",,"[{""content"":""This challenge asks you to act like an ethical hacker."",""cost"":0},{""content"":""Undoubtedly you want to read our security policy before conducting any research on our application."",""cost"":0},{""content"":""As one of the good guys٬ would you just start attacking an application without consent of the owner?"",""cost"":0},{""content"":""You also might want to read the security policy or any bug bounty program that is in place."",""cost"":0}]"
Server-side XSS Protection,"Perform a <i>persisted</i> XSS attack with <code>&lt;iframe src=""javascript:alert(`xss`)""&gt;</code> bypassing a <i>server-side</i> security mechanism. (Difficulty Level: 4)",XSS,700,standard,visible,0,55520e3cd59f94c0177371d67a70fd4c023c57ea,"Danger Zone",,"[{""content"":""The \""\""Comment\""\"" field in the \""\""Customer Feedback\""\"" screen is where you want to put your focus on."",""cost"":0},{""content"":""The Comment field in the Contact Us screen is where you want to put your focus on."",""cost"":0},{""content"":""The attack payload <iframe src=\""\""javascript:alert(`xss)\""\"">` will not be rejected by any validator but stripped from the comment before persisting it."",""cost"":0},{""content"":""Look for possible dependencies related to input processing in the package.json.bak you harvested earlier."",""cost"":0},{""content"":""If an XSS alert shows up but the challenge does not appear as solved on the Score Board٬ you might not have managed to put the exact attack string <iframe src=\""\""javascript:alert(`xss)\""\"">` into the database?"",""cost"":0}]"
Steganography,"<a href=""/#/contact"">Rat out</a> a notorious character hiding in plain sight in the shop. (Mention the exact name of the character) (Difficulty Level: 4)",Security through Obscurity,700,standard,visible,0,8df0878bad13852abf627d0ccf345522c6edcc21,"Shenanigans",,"[{""content"":""There is not the slightest chance that you can spot the hidden character with the naked eye."",""cost"":0},{""content"":""You will need very specialized tool assistance for this challenge."",""cost"":0},{""content"":""The effective difficulty of this challenge depends a lot on what tools you pick to tackle it."",""cost"":0},{""content"":""This challenge cannot be solved by just reading our \""\""Lorem Ipsum\""\""-texts carefully."",""cost"":0}]"
Successful RCE DoS,"Perform a Remote Code Execution that occupies the server for a while without using infinite loops. (Difficulty Level: 6)",Insecure Deserialization,1350,standard,visible,0,e3dd33892286cd40320283238d5c6babe93187d2,"Danger Zone",,"[{""content"":""Your attack payload must not trigger the protection against too many iterations and infinite loops."",""cost"":0},{""content"":""This challenge uses the same leverage point as the \""\""Perform a Remote Code Execution that would keep a less hardened application busy forever\""\"" challenge."",""cost"":0}]"
Supply Chain Attack,"<a href=""/#/contact"">Inform the development team</a> about a danger to some of <em>their</em> credentials. (Send them the URL of the <em>original report</em> or an assigned CVE or another identifier of this vulnerability) (Difficulty Level: 5)",Vulnerable Components,1000,standard,visible,0,05a4bcdca9809df4506551b5b1f229fd55157572,"OSINT",,"[{""content"":""This vulnerability will not affect any customer of the shop. It is aimed exclusively at its developers."",""cost"":0},{""content"":""This is a research-heavy challenge which does not involve any actual hacking."",""cost"":0},{""content"":""Solving \""\""Access a developer's forgotten backup file\""\"" before attempting this challenge will save you from a lot of frustration."",""cost"":0}]"
Two Factor Authentication,"Solve the 2FA challenge for user ""wurstbrot"". (Disabling, bypassing or overwriting his 2FA settings does not count as a solution) (Difficulty Level: 5)",Broken Authentication,1000,standard,visible,0,04d6e957416281fe13669a7fe685fc27cb6c53c4,,,"[{""content"":""The 2FA implementation requires to store a secret for every user. You will need to find a way to access this secret in order to solve this challenge."",""cost"":0},{""content"":""As always٬ first learn how the feature under attack is used and behaves under normal conditions."",""cost"":0},{""content"":""Make sure you understand how 2FA with TOTP (time-based one-time password) works and which part of it is the critically sensitive one."",""cost"":0},{""content"":""Solving the challenge \""\""Retrieve a list of all user credentials via SQL Injection\""\"" before tackling this one will definitely help. But it will not carry you all the way."",""cost"":0}]"
Unsigned JWT,"Forge an essentially unsigned JWT token that impersonates the (non-existing) user <i>jwtn3d@juice-sh.op</i>. (Difficulty Level: 5)",Vulnerable Components,1000,standard,visible,0,8614152eaa8ea996bd1359f4144ad3e8cc762198,,,"[{""content"":""This challenge exploits a weird option that is supported when signing tokens with JWT."",""cost"":0},{""content"":""You should begin with retrieving a valid JWT from the application’s Authorization request header."",""cost"":0},{""content"":""A JWT is only given to users who have logged in. They have a limited validity٬ so better do not dawdle."",""cost"":0},{""content"":""Try to convince the site to give you a valid token with the required payload while downgrading to no encryption at all."",""cost"":0},{""content"":""Make sure your JWT is URL safe!"",""cost"":0}]"
Upload Size,"Upload a file larger than 100 kB. (Difficulty Level: 3)",Improper Input Validation,450,standard,visible,0,e3b59553d1be5291f45a76abe8291e3b666272d7,,,"[{""content"":""You can attach a small file to the \""\""Complaint\""\"" form. Investigate how this upload actually works."",""cost"":0},{""content"":""First you should try to understand how the file upload is actually handled on the client and server side."",""cost"":0},{""content"":""With this understanding you need to find a \""\""weak spot\""\"" in the right place and have to craft an exploit for it."",""cost"":0}]"
Upload Type,"Upload a file that has no .pdf or .zip extension. (Difficulty Level: 3)",Improper Input Validation,450,standard,visible,0,3ca7d41d1c903c5ae68c2f713c9f875db870aca0,,,"[{""content"":""You can attach a PDF or ZIP file to the \""\""Complaint\""\"" form. Investigate how this upload actually works."",""cost"":0},{""content"":""If you solved the \""\""Upload a file larger than 100 kB\""\"" challenge٬ you should try to apply the same solution here"",""cost"":0}]"
User Credentials,"Retrieve a list of all user credentials via SQL Injection. (Difficulty Level: 4)",Injection,700,standard,visible,0,b2bbb412cd027095df70fa3ca8d61ad0e101406e,"With Coding Challenge",,"[{""content"":""Gather information on where user data is stored and how it is addressed. Then craft a corresponding UNION SELECT attack."",""cost"":0},{""content"":""Try to find an endpoint where you can influence data being retrieved from the server."",""cost"":0},{""content"":""Craft a UNION SELECT attack string to join data from another table into the original result."",""cost"":0},{""content"":""You might have to tackle some query syntax issues step-by-step٬ basically hopping from one error to the next"",""cost"":0},{""content"":""As with \""\""Order the Christmas special offer of 2014\""\"" and \""\""Exfiltrate the entire DB schema definition via SQL Injection\""\"" this cannot be achieved through the application frontend."",""cost"":0}]"
Video XSS,"Embed an XSS payload <code>&lt;/script&gt;&lt;script&gt;alert(`xss`)&lt;/script&gt;</code> into our promo video. (Difficulty Level: 6)",XSS,1350,standard,visible,0,5dec3d5cc33e7137736c615bc10a0c52359e86a8,"Danger Zone",,"[{""content"":""Without utilizing the vulnerability behind another ⭐⭐⭐⭐⭐⭐ challenge it is not possible to plant the XSS payload for this challenge."",""cost"":0},{""content"":""The mentioned \""\""marketing collateral\""\"" might have been publicly advertised by the Juice Shop but is not necessarily part of its sitemap yet."",""cost"":0},{""content"":""It might help to perform some online searches for structurally similar web projects once you get stuck."",""cost"":0},{""content"":""This challenge will always partially keep you blindfolded٬ no matter how hard you do research and analysis."",""cost"":0}]"
View Basket,"View another user's shopping basket. (Difficulty Level: 2)",Broken Access Control,250,standard,visible,0,e6982b34b6734ceadd28e5019b251f929a80b815,"Tutorial,Good for Demos",,"[{""content"":""Try out all existing functionality involving the shopping basket while having an eye on the HTTP traffic."",""cost"":0},{""content"":""There might be a client-side association of user to basket that you can try to manipulate."",""cost"":0},{""content"":""In case you manage to update the database via SQL Injection so that a user is linked to another shopping basket٬ the application will not notice this challenge as solved."",""cost"":0}]"
Vulnerable Library,"<a href=""/#/contact"">Inform the shop</a> about a vulnerable library it is using. (Mention the exact library name and version in your comment) (Difficulty Level: 4)",Vulnerable Components,700,standard,visible,0,d6c3b1f0724fd3dbf4272c127a790c39a200876b,"OSINT",,"[{""content"":""Report one of two possible answers via the \""\""Customer Feedback\""\"" form. Do not forget to submit the library's version as well."",""cost"":0},{""content"":""Look for possible dependencies related to security in the package.json.bak you probably harvested earlier during the Access a developer’s forgotten backup file challenge."",""cost"":0},{""content"":""Do some research on the internet for known security issues in the most suspicious application dependencies."",""cost"":0}]"
Weird Crypto,"<a href=""/#/contact"">Inform the shop</a> about an algorithm or library it should definitely not use the way it does. (Difficulty Level: 2)",Cryptographic Issues,250,standard,visible,0,84054d82b9a99da2db6392744dad1e7e28bd2cca,,,"[{""content"":""Report one of five possible answers via the \""\""Customer Feedback\""\"" form."",""cost"":0},{""content"":""Cryptographic functions only used in the \""\""Apply some advanced cryptanalysis to find the real easter egg\""\"" challenge do not count as they are only a developer’s prank and not a serious security problem."",""cost"":0}]"
Allowlist Bypass,"Enforce a redirect to a page you are not supposed to redirect to. (Difficulty Level: 4)",Unvalidated Redirects,700,standard,visible,0,ed389b769ec2380372f247f8b669097bb55f3b7f,"Prerequisite,With Coding Challenge",,"[{""content"":""You have to find a way to beat the allowlist of allowed redirect URLs."",""cost"":0},{""content"":""You can find several places where redirects happen in the OWASP Juice Shop."",""cost"":0},{""content"":""The application will only allow you to redirect to allowlisted (previously referred to as whitelisted) URLs."",""cost"":0},{""content"":""Tampering with the redirect mechanism might give you some valuable information about how it works under to hood."",""cost"":0}]"
XXE Data Access,"Retrieve the content of <code>C:\Windows\system.ini</code> or <code>/etc/passwd</code> from the server. (Difficulty Level: 3)",XXE,450,standard,visible,0,5a196f6f8335ad860de5fd4597a69de8f23dbce8,"Danger Zone",,"[{""content"":""The leverage point for this challenge is the deprecated B2B interface."",""cost"":0},{""content"":""This challenge sounds a lot harder than it actually is٬ which amplifies how bad the underlying vulnerability is."",""cost"":0},{""content"":""Doing some research on typical XEE attack patterns basically gives away the solution for free."",""cost"":0}]"
XXE DoS,"Give the server something to chew on for quite a while. (Difficulty Level: 5)",XXE,1000,standard,visible,0,f884fb0fd5282d5a33cf44fd65e20ddad1d2b795,"Danger Zone",,"[{""content"":""It is not as easy as sending a large amount of data directly to the deprecated B2B interface."",""cost"":0},{""content"":""The leverage point for this is obviously the same as for the XXE Data Access challenge."",""cost"":0},{""content"":""You can only solve this challenge by keeping the server busy for >2sec with your attack."",""cost"":0},{""content"":""The effectiveness of attack payloads for this challenge might depend on the operating system the Juice Shop is running on."",""cost"":0}]"
Memory Bomb,"Drop some explosive data into a vulnerable file-handling endpoint. (Difficulty Level: 5)",Insecure Deserialization,1000,standard,visible,0,a076669f20b63907d95b829af4a3fdce54a6ccfd,"Danger Zone",,"[{""content"":""This one is actually similar to the XXE DoS challenge in every way except the data format being (ab)used."",""cost"":0},{""content"":""You can only solve this challenge by keeping the server busy for >2sec with your attack."",""cost"":0},{""content"":""The effectiveness of attack payloads for this challenge might depend on the operating system the Juice Shop is running on."",""cost"":0}]"
Zero Stars,"Give a devastating zero-star feedback to the store. (Difficulty Level: 1)",Improper Input Validation,100,standard,visible,0,e958569c4a12e3b97f38bd05cac3f0e5a1b17142,,,"[{""content"":""Before you invest time bypassing the API٬ you might want to play around with the UI a bit."",""cost"":0}]"
Missing Encoding,"Retrieve the photo of Bjoern's cat in ""melee combat-mode"". (Difficulty Level: 1)",Improper Input Validation,100,standard,visible,0,9d4e5e79b87d07944942d37811426c4e3148d446,"Shenanigans",,"[{""content"":""Check the Photo Wall for an image that could not be loaded correctly."",""cost"":0},{""content"":""You just have to (literally) inspect the problem to understand the basic issue."",""cost"":0},{""content"":""It can also help to try out the Tweet-button of the entry and observe what happens."",""cost"":0}]"
Cross-Site Imaging,"Stick <a href=""https://cataas.com/cat"" target=""_blank"">cute cross-domain kittens</a> all over our delivery boxes. (Difficulty Level: 5)",Security Misconfiguration,1000,standard,visible,0,ed6fafa2fe184c01a64581004393737449dd6ba4,"Contraption",,"[{""content"":""This challenge would formally have to be in several categories as the developers made multiple gaffes for this to be possible."",""cost"":0},{""content"":""Loading this page with an empty browser cache and on a slow (or throttled) connection will give you an idea on what the delivery box image is made of. Of course inspecting the page source will tell you just as much."",""cost"":0},{""content"":""You need to dive deep into the actual Angular code to understand this one."",""cost"":0},{""content"":""This challenge requires the exploitation of another vulnerability which even has its own two challenges in its very own category"",""cost"":0},{""content"":""This challenge can only be solved by strictly using the mentioned \""\""cross-domain kittens\""\"". No other kittens from anywhere else can solve this challenge."",""cost"":0}]"
Exposed Metrics,"Find the endpoint that serves usage data to be scraped by a <a href=""https://github.com/prometheus/prometheus"">popular monitoring system</a>. (Difficulty Level: 1)",Sensitive Data Exposure,100,standard,visible,0,ab5b8d18378fbcb0f3bc6e9f2b1e3eebc676334e,"Good Practice,With Coding Challenge",,"[{""content"":""Try to guess what URL the endpoint might have."",""cost"":0},{""content"":""The Juice Shop serves its metrics on the default path expected by Prometheus"",""cost"":0},{""content"":""Guessing the path is probably just as quick as taking the RTFM route via https://prometheus.io/docs/introduction/first_steps"",""cost"":0}]"
Deluxe Fraud,"Obtain a Deluxe Membership without paying for it. (Difficulty Level: 3)",Improper Input Validation,450,standard,visible,0,638524b76976aae9fb41a264fd7c06d813635e1e,,,"[{""content"":""Look closely at what happens when you attempt to upgrade your account."",""cost"":0},{""content"":""Go to the payment page for a deluxe membership and try paying through different methods."",""cost"":0},{""content"":""Try inspecting the requests that go out for each of these methods٬ using the browser’s developer tools."",""cost"":0},{""content"":""Maybe playing around with the parameters in these requests could reveal something interesting."",""cost"":0}]"
CSRF,"Change the name of a user by performing Cross-Site Request Forgery from <a href=""http://htmledit.squarefree.com"">another origin</a>. (Difficulty Level: 3)",Broken Access Control,450,standard,visible,0,7f2af07e0e0ac2c54e8ae0665b4aa68762ba63af,,,"[{""content"":""Find a form which updates the username and then construct a malicious page in the online HTML editor. You probably need an older browser version for this."",""cost"":0},{""content"":""Take a look at what happens when you change the username within the profile page."",""cost"":0},{""content"":""Search for information about CSRF attacks and look out for examples that can be applied to this challenge."",""cost"":0},{""content"":""Write the code for the CSRF attack within http://htmledit.squarefree.com and verify that it changes your username."",""cost"":0}]"
Bonus Payload,"Use the bonus payload <code>&lt;iframe width=&quot;100%&quot; height=&quot;166&quot; scrolling=&quot;no&quot; frameborder=&quot;no&quot; allow=&quot;autoplay&quot; src=&quot;https://w.soundcloud.com/player/?url=https%3A//api.soundcloud.com/tracks/771984076&amp;color=%23ff5500&amp;auto_play=true&amp;hide_related=false&amp;show_comments=true&amp;show_user=true&amp;show_reposts=false&amp;show_teaser=true&quot;&gt;&lt;/iframe&gt;</code> in the <i>DOM XSS</i> challenge. (Difficulty Level: 1)",XSS,100,standard,visible,0,a81183bb5eaf30e6f5ae3c14acb572976072f4c9,"Shenanigans,Tutorial,With Coding Challenge",,"[{""content"":""First٬ solve the \""\""Perform a DOM XSS attack\""\"" challenge."",""cost"":0},{""content"":""Now it is just a question of copying and pasting the payload into the same vulnerable field."",""cost"":0},{""content"":""Crank up the volume of your computer before submitting the payload! 🔊"",""cost"":0}]"
Reset Uvogin's Password,"Reset Uvogin's password via the <a href=""/#/forgot-password"">Forgot Password</a> mechanism with <i>the original answer</i> to his security question. (Difficulty Level: 4)",Sensitive Data Exposure,700,standard,visible,0,76759927fb4e587ad58ca8eb14e0034e55c4c6d3,"OSINT,With Coding Challenge",,"[{""content"":""You might have to do some OSINT on his social media personas to find out his honest answer to the security question."",""cost"":0},{""content"":""People often reuse aliases online. You might be able to find something by looking online for Uvogin’s name or slight variations of it based on his unique writing habits."",""cost"":0},{""content"":""You might be able to find some existing OSINT tools to help you in this investigation."",""cost"":0}]"
Meta Geo Stalking,"Determine the answer to John's security question by looking at an upload of him to the Photo Wall and use it to reset his password via the <a href=""/#/forgot-password"">Forgot Password</a> mechanism. (Difficulty Level: 2)",Sensitive Data Exposure,250,standard,visible,0,1bf405de0c6cffac953daa8c8d0ae7a72072b3eb,"OSINT",,"[{""content"":""Take a look at the meta data of the corresponding photo."",""cost"":0},{""content"":""Make use of tools that can inspect the metadata of images."",""cost"":0},{""content"":""Use this information to answer the security question of the John٬ who enjoys hiking in the park."",""cost"":0}]"
Visual Geo Stalking,"Determine the answer to Emma's security question by looking at an upload of her to the Photo Wall and use it to reset her password via the <a href=""/#/forgot-password"">Forgot Password</a> mechanism. (Difficulty Level: 2)",Sensitive Data Exposure,250,standard,visible,0,974658d2522a1de540e85d925dadcfc1891ccbea,"OSINT",,"[{""content"":""Take a look at the details in the photo to determine the location of where it was taken."",""cost"":0}]"
Kill Chatbot,"Permanently disable the support chatbot so that it can no longer answer customer queries. (Difficulty Level: 5)",Vulnerable Components,1000,standard,visible,0,2d55d113bdd3535ed2b7170fc2ff43a5ff324b84,"Code Analysis",,"[{""content"":""Think of a way to get a hold of the internal workings on the chatbot API."",""cost"":0},{""content"":""In order to disable the chatbot for all users٬ you must first get an understanding of how it works under the hood."",""cost"":0},{""content"":""The chatbot sure offers a lot of functionality. Could it be that juice-shop relies on a third party٬ possibly open source library for this?"",""cost"":0},{""content"":""Maybe you can try to gather clues from around juice shop and then go dumpster dive the internet to get a hold of the bot’s source."",""cost"":0}]"
Poison Null Byte,"Bypass a security control with a <a href=""https://hakipedia.com/index.php/Poison_Null_Byte"">Poison Null Byte</a> to access a file not meant for your eyes. (Difficulty Level: 4)",Improper Input Validation,700,standard,visible,0,cfdeea14e8f01b4952722fd0e4a77f1928593c9a,"Prerequisite",,"[{""content"":""Analyze and tamper with links in the application until you get to an unprotected directory listing."",""cost"":0},{""content"":""Some files in there are not directly accessible because a security mechanism prevents access."",""cost"":0},{""content"":""The Poison Null Byte can trick the security mechanism into thinking that the file you want has a valid file type."",""cost"":0},{""content"":""Depending on the files you try to retrieve you will probably solve \""\""Access a developer’s forgotten backup file\""\""٬ \""\""Access a salesman’s forgotten backup file\""\""٬ \""\""Access a misplaced SIEM signature file٬ or \""\""Find the hidden easter egg\""\"" along the way."",""cost"":0}]"
Bully Chatbot,"Receive a coupon code from the support chatbot. (Difficulty Level: 1)",Miscellaneous,100,standard,visible,0,9dd704b4c48bd310dd3187971a344c179213562d,"Shenanigans,Brute Force",,"[{""content"":""The bot is reluctant to give you a coupon as it’s coming up with various excuses for not giving you one."",""cost"":0},{""content"":""Asking over and over again like a little kid might actually help you succeed in this case."",""cost"":0},{""content"":""No seriously٬ just keep asking."",""cost"":0}]"
Local File Read,"Gain read access to an arbitrary local file on the web server. (Difficulty Level: 5)",Vulnerable Components,1000,standard,visible,0,6cbafed57d94b84630427bb24ab80b31efc578f5,"OSINT,Danger Zone",,"[{""content"":""You should read up on vulnerabilities in popular NodeJs template engines."",""cost"":0},{""content"":""You should read up on Local File Read (LFR) vulnerabilities in popular NodeJS template engines."",""cost"":0},{""content"":""Look for an easily forgettable endpoint in Juice Shop to test out the LFR attack."",""cost"":0},{""content"":""500 Internal Server Error is always an interesting status code."",""cost"":0},{""content"":""Fuzzing can also help with this challenge."",""cost"":0}]"
Mass Dispel,"Close multiple ""Challenge solved""-notifications in one go. (Difficulty Level: 1)",Miscellaneous,100,standard,visible,0,e6622ce9a67640b96851c2b1553ceb6690dd26a4,,,"[{""content"":""Either check the official documentation or inspect a notification UI element directly."",""cost"":0},{""content"":""This challenge is most easily solvable immediately after a server restart."",""cost"":0},{""content"":""Alternatively you can also inspect any \""\""Challenge solved\""\""-notification in your browser to understand its convenience feature."",""cost"":0}]"
Security Advisory,"The Juice Shop is susceptible to a known vulnerability in a library, for which an advisory has already been issued, marking the Juice Shop as <i>known affected</i>. A fix is still pending. <a href=""/#/contact"">Inform the shop</a> about a suitable checksum as proof that you did your due diligence. (Difficulty Level: 3)",Miscellaneous,450,standard,visible,0,c8ac6cef4d859387ee20ef7988807661776b040d,,,"[{""content"":""Security Advisories are often listed in the security.txt"",""cost"":0}]"
Exposed credentials,"A developer was careless with hardcoding unused, but still valid credentials for a testing account on the client-side. (Difficulty Level: 2)",Sensitive Data Exposure,250,standard,visible,0,47fd4a6bcdb74153ab7aee9416c80249755fd8cb,,,"[{""content"":""Have a look at the client-side code in the dev console."",""cost"":0}]"
Leaked API Key,"<a href=""/#/contact"">Inform the shop</a> about a leaked API key. (Mention the exact key in your comment) (Difficulty Level: 5)",Sensitive Data Exposure,1000,standard,visible,0,f041b0c35d271cb6759f6160f84719d88d7afc34,,,"[{""content"":""The API call is part of a scheduled process \""\""behind the scenes\""\""٬ i.e. completely unrelated to the web application."",""cost"":0},{""content"":""Check the Juice Shop’s social media channels for regularly scheduled content being posted٬ possibly even indicating that it was automatically created."",""cost"":0},{""content"":""Find out which part of the content might come from the response of an API call."",""cost"":0},{""content"":""Find the place where the API call happens — as stated above٬ it is not in the web application — and then look for the API key itself."",""cost"":0}]"